hospital_name,last_updated_on,version,location_name,hospital_address,license_number|CA,type_2_npi,"To the best of its knowledge and belief, this hospital has included all applicable standard charge information in accordance with the requirements of 45 CFR 180.50, and the information encoded is true, accurate, and complete as of the date in the file. This hospital has included all payer-specific negotiated charges in dollars that can be expressed as a dollar amount. For payer-specific negotiated charges that cannot be expressed as a dollar amount in the machine-readable file or not knowable in advance, the hospital attests that the payer-specific negotiated charge is based on a contractual algorithm, percentage or formula that precludes the provision of a dollar amount and has provided all necessary information available to the hospital for the public to be able to derive the dollar amount, including, but not limited to, the specific fee schedule or components referenced in such percentage, algorithm or formula.",attester_name
Example General Hospital,2026-07-01,3.0.0,Example General Hospital,123 Example Way San Diego CA 92101,000000001,1234567893,true,Pat Example
description,code|1,code|1|type,code|2,code|2|type,modifiers,setting,drug_unit_of_measurement,drug_type_of_measurement,standard_charge|gross,standard_charge|discounted_cash,payer_name,plan_name,standard_charge|negotiated_dollar,standard_charge|negotiated_percentage,standard_charge|negotiated_algorithm,median_amount,10th_percentile,90th_percentile,count,standard_charge|methodology,standard_charge|min,standard_charge|max,additional_generic_notes,billing_class
OFFICE OUTPATIENT VISIT EST LEVEL 3,99213,CPT,0510,RC,,outpatient,,,350,210,Aetna Life Insurance Co,Aetna PPO,140,,,,,,,fee schedule,95,140,,professional
OFFICE OUTPATIENT VISIT EST LEVEL 3,99213,CPT,0510,RC,,outpatient,,,350,210,Blue Shield of California,Trio HMO,120,,,,,,,fee schedule,95,140,,professional
OFFICE OUTPATIENT VISIT EST LEVEL 3,99213,CPT,0510,RC,,outpatient,,,350,210,MEDICARE,Traditional Medicare,95,,,,,,,fee schedule,95,140,,professional
HOSPITAL OUTPATIENT CLINIC VISIT,G0463,CPT,0510,RC,,Outpatient,,,600,360,Aetna Life Insurance Co,Aetna PPO,,55,,300,250,380,25,percent of total billed charges,280,330,Percent of billed charges,facility
HOSPITAL OUTPATIENT CLINIC VISIT,G0463,CPT,0510,RC,,Outpatient,,,600,360,Blue Shield of California,Trio HMO,280,,,,,,,fee schedule,280,330,,facility
MRI KNEE WITHOUT CONTRAST,73721,HCPCS,12345,CDM,,outpatient,,,"$3,200.00","$1,100.00",Aetna Life Insurance Co,Aetna PPO,1450,,,,,,,fee schedule,1200,1700,,facility
MRI KNEE WITHOUT CONTRAST,73721,HCPCS,12345,CDM,,outpatient,,,"$3,200.00","$1,100.00",Blue Shield of California,Trio HMO,1200,,,,,,,fee schedule,1200,1700,,facility
MRI KNEE WITHOUT CONTRAST,73721,HCPCS,12345,CDM,,outpatient,,,"$3,200.00","$1,100.00",Anthem Blue Cross,Anthem PPO,1600,,,,,,,fee schedule,1200,1700,,facility
MRI KNEE WITHOUT CONTRAST,73721,HCPCS,12345,CDM,,outpatient,,,"$3,200.00","$1,100.00",UnitedHealthcare,Choice Plus,1700,,,,,,,fee schedule,1200,1700,,facility
MRI KNEE WITHOUT CONTRAST - PROFESSIONAL READ,73721,CPT,,,26,outpatient,,,400,150,Aetna Life Insurance Co,Aetna PPO,90,,,,,,,fee schedule,90,90,,professional
LIPID PANEL,80061,CPT,0301,RC,,outpatient,,,120,40,Aetna Life Insurance Co,Aetna PPO,25,,,,,,,fee schedule,25,25,,facility
MAJOR JOINT REPLACEMENT W/O MCC,470,MS-DRG,,,,inpatient,,,98000,52000,Aetna Life Insurance Co,Aetna PPO,38000,,,,,,,case rate,34000,38000,,facility
MAJOR JOINT REPLACEMENT W/O MCC,470,MS-DRG,,,,inpatient,,,98000,52000,Blue Shield of California,Trio HMO,34000,,,,,,,case rate,34000,38000,,facility
ONDANSETRON 4 MG INJ,J2405,HCPCS,00409-4755-03,NDC,,both,1,UN,45,12,,,,,,,,,,,,,N/A,facility
SELF-PAY BASIC METABOLIC PANEL,80048,CPT,,,,outpatient,,,95,30,,,,,,,,,,,,,Cash price only,
